item_id	meta-question_id	perception	category	rel/abs	specification	subcategory	simul/seq	skill	text_with_wildcards	question_keys	method_for_ground_truth_extraction	requires	ontology_key	values	question	piece_id	dataset	name	path	ground_truth	distractor_pool	sorted_distractors	modality	submodality	path_to_question_context_file	final_correct_option	final_options	random_guess_performance_accuracy	is_nota_correct	all_choices	index2ans	labeled_final_options	labeled_final_correct_option	label_of_final_correct_option
aa4ec620-633f-517d-8107-06e4d8c60045	1	perception	pitch	absolute	pitch-absolute	pitch-recognition		pitch recognition	What is the pitch name of the {target_index} {voice} note in the provided excerpt?	"[""target_index"", ""voice""]"	get_nth_note	symbolic.musicxml	pitch	"{""target_index"": ""36th"", ""voice"": ""bass""}"	What is the pitch name of the 36th bass note in the provided excerpt?	Drese_JesuGehVoran	chorale-bricks	Drese_JesuGehVoran	data/chorale-bricks/Drese_JesuGehVoran	G	"[""A"", ""B"", ""C"", ""D"", ""D sharp"", ""E"", ""F sharp""]"	"[""C"", ""B"", ""A"", ""D"", ""F sharp"", ""D sharp"", ""E""]"	audio	audio.mastermix.wav	data/chorale-bricks/Drese_JesuGehVoran/audio.mastermix.wav	G	"[""G"", ""none of the other options is correct"", ""C"", ""B"", ""A""]"	0.2	0	"[""A"", ""B"", ""C"", ""D"", ""E""]"	"{""A"": ""C"", ""B"": ""none of the other options is correct"", ""C"": ""G"", ""D"": ""B"", ""E"": ""A""}"	"[""(A) C"", ""(B) none of the other options is correct"", ""(C) G"", ""(D) B"", ""(E) A""]"	(C) G	C
cf583165-3efc-5ade-bb54-bb16b5f58cf4	1	perception	pitch	absolute	pitch-absolute	pitch-recognition		pitch recognition	What is the pitch name of the {target_index} {voice} note in the provided excerpt?	"[""target_index"", ""voice""]"	get_nth_note	symbolic.musicxml	pitch	"{""target_index"": ""36th"", ""voice"": ""bass""}"	What is the pitch name of the 36th bass note in the provided excerpt?	Drese_JesuGehVoran	chorale-bricks	Drese_JesuGehVoran	data/chorale-bricks/Drese_JesuGehVoran	G	"[""A"", ""B"", ""C"", ""D"", ""D sharp"", ""E"", ""F sharp""]"	"[""C"", ""B"", ""A"", ""D"", ""F sharp"", ""D sharp"", ""E""]"	symbolic	symbolic.abc.txt	data/chorale-bricks/Drese_JesuGehVoran/symbolic.abc.txt	none of the other options is correct	"[""none of the other options is correct"", ""C"", ""B"", ""A"", ""D""]"	0.2	1	"[""A"", ""B"", ""C"", ""D"", ""E""]"	"{""A"": ""none of the other options is correct"", ""B"": ""B"", ""C"": ""C"", ""D"": ""A"", ""E"": ""D""}"	"[""(A) none of the other options is correct"", ""(B) B"", ""(C) C"", ""(D) A"", ""(E) D""]"	(A) none of the other options is correct	A
b9091d4a-2ec9-54c2-8e5b-fbb24b094159	1	perception	pitch	absolute	pitch-absolute	pitch-recognition		pitch recognition	What is the pitch name of the {target_index} {voice} note in the provided excerpt?	"[""target_index"", ""voice""]"	get_nth_note	symbolic.musicxml	pitch	"{""target_index"": ""36th"", ""voice"": ""bass""}"	What is the pitch name of the 36th bass note in the provided excerpt?	Drese_JesuGehVoran	chorale-bricks	Drese_JesuGehVoran	data/chorale-bricks/Drese_JesuGehVoran	G	"[""A"", ""B"", ""C"", ""D"", ""D sharp"", ""E"", ""F sharp""]"	"[""C"", ""B"", ""A"", ""D"", ""F sharp"", ""D sharp"", ""E""]"	visual	visual.short.png	data/chorale-bricks/Drese_JesuGehVoran/visual.short.png	G	"[""G"", ""none of the other options is correct"", ""C"", ""B"", ""A""]"	0.2	0	"[""A"", ""B"", ""C"", ""D"", ""E""]"	"{""A"": ""A"", ""B"": ""B"", ""C"": ""none of the other options is correct"", ""D"": ""C"", ""E"": ""G""}"	"[""(A) A"", ""(B) B"", ""(C) none of the other options is correct"", ""(D) C"", ""(E) G""]"	(E) G	E
f6d450a2-4b43-5c64-a5a1-59bc7c375918	3	perception	pitch	relative	pitch-relative	interval-recognition		interval recognition	What is the {target_index} interval in the {voice} line?	"[""target_index"", ""voice""]"	get_nth_interval		interval	"{""target_index"": ""42nd"", ""voice"": ""soprano""}"	What is the 42nd interval in the soprano line?	Gesius_BefiehlDuDeineWege	chorale-bricks	Gesius_BefiehlDuDeineWege	data/chorale-bricks/Gesius_BefiehlDuDeineWege	Major Second	"[""Major Third"", ""Minor Second"", ""Minor Sixth"", ""Minor Third"", ""Perfect Fifth"", ""Perfect Fourth"", ""Perfect Unison""]"	"[""Minor Sixth"", ""Minor Third"", ""Major Third"", ""Perfect Unison"", ""Minor Second"", ""Perfect Fourth"", ""Perfect Fifth""]"	audio	audio.mastermix.wav	data/chorale-bricks/Gesius_BefiehlDuDeineWege/audio.mastermix.wav	Major Second	"[""Major Second"", ""none of the other options is correct"", ""Minor Sixth"", ""Minor Third"", ""Major Third""]"	0.2	0	"[""A"", ""B"", ""C"", ""D"", ""E""]"	"{""A"": ""Major Second"", ""B"": ""Minor Sixth"", ""C"": ""none of the other options is correct"", ""D"": ""Major Third"", ""E"": ""Minor Third""}"	"[""(A) Major Second"", ""(B) Minor Sixth"", ""(C) none of the other options is correct"", ""(D) Major Third"", ""(E) Minor Third""]"	(A) Major Second	A
d9b15ecc-1a8f-5654-a812-8ad8ebfb247d	3	perception	pitch	relative	pitch-relative	interval-recognition		interval recognition	What is the {target_index} interval in the {voice} line?	"[""target_index"", ""voice""]"	get_nth_interval		interval	"{""target_index"": ""42nd"", ""voice"": ""soprano""}"	What is the 42nd interval in the soprano line?	Gesius_BefiehlDuDeineWege	chorale-bricks	Gesius_BefiehlDuDeineWege	data/chorale-bricks/Gesius_BefiehlDuDeineWege	Major Second	"[""Major Third"", ""Minor Second"", ""Minor Sixth"", ""Minor Third"", ""Perfect Fifth"", ""Perfect Fourth"", ""Perfect Unison""]"	"[""Minor Sixth"", ""Minor Third"", ""Major Third"", ""Perfect Unison"", ""Minor Second"", ""Perfect Fourth"", ""Perfect Fifth""]"	symbolic	symbolic.abc.txt	data/chorale-bricks/Gesius_BefiehlDuDeineWege/symbolic.abc.txt	none of the other options is correct	"[""none of the other options is correct"", ""Minor Sixth"", ""Minor Third"", ""Major Third"", ""Perfect Unison""]"	0.2	1	"[""A"", ""B"", ""C"", ""D"", ""E""]"	"{""A"": ""Minor Sixth"", ""B"": ""Perfect Unison"", ""C"": ""none of the other options is correct"", ""D"": ""Minor Third"", ""E"": ""Major Third""}"	"[""(A) Minor Sixth"", ""(B) Perfect Unison"", ""(C) none of the other options is correct"", ""(D) Minor Third"", ""(E) Major Third""]"	(C) none of the other options is correct	C
90350b05-1b09-51ad-879f-429f5405017e	3	perception	pitch	relative	pitch-relative	interval-recognition		interval recognition	What is the {target_index} interval in the {voice} line?	"[""target_index"", ""voice""]"	get_nth_interval		interval	"{""target_index"": ""42nd"", ""voice"": ""soprano""}"	What is the 42nd interval in the soprano line?	Gesius_BefiehlDuDeineWege	chorale-bricks	Gesius_BefiehlDuDeineWege	data/chorale-bricks/Gesius_BefiehlDuDeineWege	Major Second	"[""Major Third"", ""Minor Second"", ""Minor Sixth"", ""Minor Third"", ""Perfect Fifth"", ""Perfect Fourth"", ""Perfect Unison""]"	"[""Minor Sixth"", ""Minor Third"", ""Major Third"", ""Perfect Unison"", ""Minor Second"", ""Perfect Fourth"", ""Perfect Fifth""]"	visual	visual.short.png	data/chorale-bricks/Gesius_BefiehlDuDeineWege/visual.short.png	Major Second	"[""Major Second"", ""none of the other options is correct"", ""Minor Sixth"", ""Minor Third"", ""Major Third""]"	0.2	0	"[""A"", ""B"", ""C"", ""D"", ""E""]"	"{""A"": ""Minor Sixth"", ""B"": ""Major Second"", ""C"": ""none of the other options is correct"", ""D"": ""Minor Third"", ""E"": ""Major Third""}"	"[""(A) Minor Sixth"", ""(B) Major Second"", ""(C) none of the other options is correct"", ""(D) Minor Third"", ""(E) Major Third""]"	(B) Major Second	B
143d03fa-3f15-5113-9b61-ab4a2bc40a11	5	perception	rhythm	absolute	rhythm-absolute	rhythmic-recognition		note length	What is the rhythmic notation of the {target_index} {voice} note (or rest)?	"[""target_index"", ""voice""]"	get_nth_rhythm		rhythm	"{""target_index"": ""5th"", ""voice"": ""soprano""}"	What is the rhythmic notation of the 5th soprano note (or rest)?	Anonymous_AusMeinesHerzensGrunde	chorale-bricks	Anonymous_AusMeinesHerzensGrunde	data/chorale-bricks/Anonymous_AusMeinesHerzensGrunde	eighth	"[""dotted-half"", ""dotted-quarter"", ""half"", ""quarter""]"	"[""dotted-quarter"", ""half"", ""quarter"", ""dotted-half""]"	audio	audio.mastermix.wav	data/chorale-bricks/Anonymous_AusMeinesHerzensGrunde/audio.mastermix.wav	none of the other options is correct	"[""none of the other options is correct"", ""dotted-quarter"", ""half"", ""quarter"", ""dotted-half""]"	0.2	1	"[""A"", ""B"", ""C"", ""D"", ""E""]"	"{""A"": ""quarter"", ""B"": ""none of the other options is correct"", ""C"": ""dotted-quarter"", ""D"": ""half"", ""E"": ""dotted-half""}"	"[""(A) quarter"", ""(B) none of the other options is correct"", ""(C) dotted-quarter"", ""(D) half"", ""(E) dotted-half""]"	(B) none of the other options is correct	B
5e9b055d-1ab5-5fce-955b-97bb585b0660	5	perception	rhythm	absolute	rhythm-absolute	rhythmic-recognition		note length	What is the rhythmic notation of the {target_index} {voice} note (or rest)?	"[""target_index"", ""voice""]"	get_nth_rhythm		rhythm	"{""target_index"": ""5th"", ""voice"": ""soprano""}"	What is the rhythmic notation of the 5th soprano note (or rest)?	Anonymous_AusMeinesHerzensGrunde	chorale-bricks	Anonymous_AusMeinesHerzensGrunde	data/chorale-bricks/Anonymous_AusMeinesHerzensGrunde	eighth	"[""dotted-half"", ""dotted-quarter"", ""half"", ""quarter""]"	"[""dotted-quarter"", ""half"", ""quarter"", ""dotted-half""]"	symbolic	symbolic.abc.txt	data/chorale-bricks/Anonymous_AusMeinesHerzensGrunde/symbolic.abc.txt	eighth	"[""eighth"", ""none of the other options is correct"", ""dotted-quarter"", ""half"", ""quarter""]"	0.2	0	"[""A"", ""B"", ""C"", ""D"", ""E""]"	"{""A"": ""half"", ""B"": ""quarter"", ""C"": ""eighth"", ""D"": ""dotted-quarter"", ""E"": ""none of the other options is correct""}"	"[""(A) half"", ""(B) quarter"", ""(C) eighth"", ""(D) dotted-quarter"", ""(E) none of the other options is correct""]"	(C) eighth	C
0a58933e-7d0d-58a6-af7f-f9dd62646e04	5	perception	rhythm	absolute	rhythm-absolute	rhythmic-recognition		note length	What is the rhythmic notation of the {target_index} {voice} note (or rest)?	"[""target_index"", ""voice""]"	get_nth_rhythm		rhythm	"{""target_index"": ""5th"", ""voice"": ""soprano""}"	What is the rhythmic notation of the 5th soprano note (or rest)?	Anonymous_AusMeinesHerzensGrunde	chorale-bricks	Anonymous_AusMeinesHerzensGrunde	data/chorale-bricks/Anonymous_AusMeinesHerzensGrunde	eighth	"[""dotted-half"", ""dotted-quarter"", ""half"", ""quarter""]"	"[""dotted-quarter"", ""half"", ""quarter"", ""dotted-half""]"	visual	visual.short.png	data/chorale-bricks/Anonymous_AusMeinesHerzensGrunde/visual.short.png	eighth	"[""eighth"", ""none of the other options is correct"", ""dotted-quarter"", ""half"", ""quarter""]"	0.2	0	"[""A"", ""B"", ""C"", ""D"", ""E""]"	"{""A"": ""quarter"", ""B"": ""half"", ""C"": ""dotted-quarter"", ""D"": ""none of the other options is correct"", ""E"": ""eighth""}"	"[""(A) quarter"", ""(B) half"", ""(C) dotted-quarter"", ""(D) none of the other options is correct"", ""(E) eighth""]"	(E) eighth	E
295e6850-a366-5069-b236-795ab07b71d8	7	perception	rhythm	relative	rhythm-relative	proportion-recognition		rhythm pattern	What is the temporal relationship (e.g., 2:1, 3:1) between the  {target_index} note (or rest) and the next one in the {voice} line?	"[""target_index"", ""voice""]"	get_rhythm_pattern		rhythm	"{""target_index"": ""19th"", ""voice"": ""soprano""}"	What is the temporal relationship (e.g., 2:1, 3:1) between the  19th note (or rest) and the next one in the soprano line?	Jan_DuGrosserSchmerzensmann	chorale-bricks	Jan_DuGrosserSchmerzensmann	data/chorale-bricks/Jan_DuGrosserSchmerzensmann	1:1	"[""1:2"", ""1:3"", ""2:1"", ""3:1"", ""3:2""]"	"[""1:2"", ""2:1"", ""3:1"", ""1:3"", ""3:2""]"	audio	audio.mastermix.wav	data/chorale-bricks/Jan_DuGrosserSchmerzensmann/audio.mastermix.wav	1:1	"[""1:1"", ""none of the other options is correct"", ""1:2"", ""2:1"", ""3:1""]"	0.2	0	"[""A"", ""B"", ""C"", ""D"", ""E""]"	"{""A"": ""1:2"", ""B"": ""3:1"", ""C"": ""1:1"", ""D"": ""2:1"", ""E"": ""none of the other options is correct""}"	"[""(A) 1:2"", ""(B) 3:1"", ""(C) 1:1"", ""(D) 2:1"", ""(E) none of the other options is correct""]"	(C) 1:1	C
8c7adf8f-8eea-5674-8af3-90588ee91404	7	perception	rhythm	relative	rhythm-relative	proportion-recognition		rhythm pattern	What is the temporal relationship (e.g., 2:1, 3:1) between the  {target_index} note (or rest) and the next one in the {voice} line?	"[""target_index"", ""voice""]"	get_rhythm_pattern		rhythm	"{""target_index"": ""19th"", ""voice"": ""soprano""}"	What is the temporal relationship (e.g., 2:1, 3:1) between the  19th note (or rest) and the next one in the soprano line?	Jan_DuGrosserSchmerzensmann	chorale-bricks	Jan_DuGrosserSchmerzensmann	data/chorale-bricks/Jan_DuGrosserSchmerzensmann	1:1	"[""1:2"", ""1:3"", ""2:1"", ""3:1"", ""3:2""]"	"[""1:2"", ""2:1"", ""3:1"", ""1:3"", ""3:2""]"	symbolic	symbolic.abc.txt	data/chorale-bricks/Jan_DuGrosserSchmerzensmann/symbolic.abc.txt	1:1	"[""1:1"", ""none of the other options is correct"", ""1:2"", ""2:1"", ""3:1""]"	0.2	0	"[""A"", ""B"", ""C"", ""D"", ""E""]"	"{""A"": ""1:1"", ""B"": ""2:1"", ""C"": ""3:1"", ""D"": ""1:2"", ""E"": ""none of the other options is correct""}"	"[""(A) 1:1"", ""(B) 2:1"", ""(C) 3:1"", ""(D) 1:2"", ""(E) none of the other options is correct""]"	(A) 1:1	A
70f2a4c9-301e-5ea5-9dfe-ecfd419f90c7	7	perception	rhythm	relative	rhythm-relative	proportion-recognition		rhythm pattern	What is the temporal relationship (e.g., 2:1, 3:1) between the  {target_index} note (or rest) and the next one in the {voice} line?	"[""target_index"", ""voice""]"	get_rhythm_pattern		rhythm	"{""target_index"": ""19th"", ""voice"": ""soprano""}"	What is the temporal relationship (e.g., 2:1, 3:1) between the  19th note (or rest) and the next one in the soprano line?	Jan_DuGrosserSchmerzensmann	chorale-bricks	Jan_DuGrosserSchmerzensmann	data/chorale-bricks/Jan_DuGrosserSchmerzensmann	1:1	"[""1:2"", ""1:3"", ""2:1"", ""3:1"", ""3:2""]"	"[""1:2"", ""2:1"", ""3:1"", ""1:3"", ""3:2""]"	visual	visual.short.png	data/chorale-bricks/Jan_DuGrosserSchmerzensmann/visual.short.png	1:1	"[""1:1"", ""none of the other options is correct"", ""1:2"", ""2:1"", ""3:1""]"	0.2	0	"[""A"", ""B"", ""C"", ""D"", ""E""]"	"{""A"": ""1:1"", ""B"": ""1:2"", ""C"": ""none of the other options is correct"", ""D"": ""2:1"", ""E"": ""3:1""}"	"[""(A) 1:1"", ""(B) 1:2"", ""(C) none of the other options is correct"", ""(D) 2:1"", ""(E) 3:1""]"	(A) 1:1	A
3d651814-25dc-5436-ab23-2edcdda546b6	9	perception	harmony	relative	harmony-relative	harmonic-recognition		tonality recognition	What is the {function} harmony of the primary key of this piece?	"[""function""]"	get_harmonic_tonality			"{""function"": ""tonic""}"	What is the tonic harmony of the primary key of this piece?	Vulpius_DieHelleSonnLeuchtJetztHerfuer	chorale-bricks	Vulpius_DieHelleSonnLeuchtJetztHerfuer	data/chorale-bricks/Vulpius_DieHelleSonnLeuchtJetztHerfuer	D major	"[""A"", ""B minor"", ""B- major"", ""G#""]"	"[""B minor"", ""A"", ""B- major"", ""G#""]"	audio	audio.mastermix.wav	data/chorale-bricks/Vulpius_DieHelleSonnLeuchtJetztHerfuer/audio.mastermix.wav	D major	"[""D major"", ""none of the other options is correct"", ""B minor"", ""A"", ""B- major""]"	0.2	0	"[""A"", ""B"", ""C"", ""D"", ""E""]"	"{""A"": ""B- major"", ""B"": ""D major"", ""C"": ""A"", ""D"": ""B minor"", ""E"": ""none of the other options is correct""}"	"[""(A) B- major"", ""(B) D major"", ""(C) A"", ""(D) B minor"", ""(E) none of the other options is correct""]"	(B) D major	B
22c8a668-9311-5008-84db-765aeeed7bb2	9	perception	harmony	relative	harmony-relative	harmonic-recognition		tonality recognition	What is the {function} harmony of the primary key of this piece?	"[""function""]"	get_harmonic_tonality			"{""function"": ""tonic""}"	What is the tonic harmony of the primary key of this piece?	Vulpius_DieHelleSonnLeuchtJetztHerfuer	chorale-bricks	Vulpius_DieHelleSonnLeuchtJetztHerfuer	data/chorale-bricks/Vulpius_DieHelleSonnLeuchtJetztHerfuer	D major	"[""A"", ""B minor"", ""B- major"", ""G#""]"	"[""B minor"", ""A"", ""B- major"", ""G#""]"	symbolic	symbolic.abc.txt	data/chorale-bricks/Vulpius_DieHelleSonnLeuchtJetztHerfuer/symbolic.abc.txt	D major	"[""D major"", ""none of the other options is correct"", ""B minor"", ""A"", ""B- major""]"	0.2	0	"[""A"", ""B"", ""C"", ""D"", ""E""]"	"{""A"": ""D major"", ""B"": ""B minor"", ""C"": ""B- major"", ""D"": ""none of the other options is correct"", ""E"": ""A""}"	"[""(A) D major"", ""(B) B minor"", ""(C) B- major"", ""(D) none of the other options is correct"", ""(E) A""]"	(A) D major	A
9e29d78d-94f0-5ff1-b204-b4e5ab41d915	9	perception	harmony	relative	harmony-relative	harmonic-recognition		tonality recognition	What is the {function} harmony of the primary key of this piece?	"[""function""]"	get_harmonic_tonality			"{""function"": ""tonic""}"	What is the tonic harmony of the primary key of this piece?	Vulpius_DieHelleSonnLeuchtJetztHerfuer	chorale-bricks	Vulpius_DieHelleSonnLeuchtJetztHerfuer	data/chorale-bricks/Vulpius_DieHelleSonnLeuchtJetztHerfuer	D major	"[""A"", ""B minor"", ""B- major"", ""G#""]"	"[""B minor"", ""A"", ""B- major"", ""G#""]"	visual	visual.short.png	data/chorale-bricks/Vulpius_DieHelleSonnLeuchtJetztHerfuer/visual.short.png	D major	"[""D major"", ""none of the other options is correct"", ""B minor"", ""A"", ""B- major""]"	0.2	0	"[""A"", ""B"", ""C"", ""D"", ""E""]"	"{""A"": ""B- major"", ""B"": ""none of the other options is correct"", ""C"": ""A"", ""D"": ""D major"", ""E"": ""B minor""}"	"[""(A) B- major"", ""(B) none of the other options is correct"", ""(C) A"", ""(D) D major"", ""(E) B minor""]"	(D) D major	D
